,NUTS_code,lat,lng
0,AT,47.691050000000004,13.345775
1,AT1,47.9225,15.808449999999999
2,AT11,47.47705,16.5785
3,AT111,47.50545,16.497799999999998
4,AT112,47.8806,16.7149
5,AT113,47.145250000000004,16.26275
6,AT12,48.216,15.7614
7,AT121,48.06,14.98625
8,AT122,47.75545,15.7751
9,AT123,48.137100000000004,15.6296
10,AT124,48.639399999999995,15.315949999999999
11,AT125,48.656,16.344
12,AT126,48.3554,16.3538
13,AT127,48.0269,16.491300000000003
14,AT13,48.2222,16.37945
15,AT130,48.2222,16.37945
16,AT2,47.09855,14.4143
17,AT21,46.75175,13.860949999999999
18,AT211,46.60645,13.9759
19,AT212,46.84865,13.4578
20,AT213,46.7174,14.5059
21,AT22,47.2204,14.867550000000001
22,AT221,47.110600000000005,15.38945
23,AT222,47.50045,14.351199999999999
24,AT223,47.5258,15.22495
25,AT224,47.11195,15.796800000000001
26,AT225,46.91375,15.268
27,AT226,47.1999,14.41865
28,AT3,47.714299999999994,12.261375000000001
29,AT31,48.11685,13.8718
30,AT311,48.293800000000005,13.37265
31,AT312,48.239000000000004,14.1376
32,AT313,48.46445,14.35955
33,AT314,47.855999999999995,14.3795
34,AT315,47.79005,13.68905
35,AT32,47.475899999999996,13.039
36,AT321,47.113749999999996,13.65695
37,AT322,47.3478,12.84475
38,AT323,47.733149999999995,13.20555
39,AT33,46.9049,12.54365
40,AT331,47.356700000000004,10.5848
41,AT332,47.205299999999994,11.3443
42,AT333,46.9049,12.54365
43,AT334,47.0809,10.631250000000001
44,AT335,47.3507,12.0417
45,AT34,47.219950000000004,9.882325
46,AT341,47.167,9.920490000000001
47,AT342,47.37025,9.765139999999999
48,BE,50.499849999999995,4.4755199999999995
49,BE1,50.85025,4.363025
50,BE10,50.85025,4.363025
51,BE100,50.85025,4.363025
52,BE2,51.10425,4.200835
53,BE21,51.2474,4.71843
54,BE211,51.2731,4.50897
55,BE212,51.085350000000005,4.496145
56,BE213,51.268699999999995,4.965305000000001
57,BE22,51.001999999999995,5.418614999999999
58,BE221,50.92785,5.30198
59,BE222,51.14725,5.53508
60,BE223,50.8645,5.501519999999999
61,BE23,51.04345,3.83038
62,BE231,50.851150000000004,3.947045
63,BE232,51.0435,4.03207
64,BE233,51.22635,3.6185
65,BE234,51.063599999999994,3.6550899999999995
66,BE235,50.8208,3.6662600000000003
67,BE236,51.215,4.11339
68,BE24,50.87245,4.5418400000000005
69,BE241,50.87145,4.25683
70,BE242,50.8738,4.83236
71,BE25,51.0382,3.034845
72,BE251,51.1918,3.2272350000000003
73,BE252,51.0169,2.89464
74,BE253,50.8307,2.8547450000000003
75,BE254,50.816599999999994,3.31108
76,BE255,51.186499999999995,2.92987
77,BE256,50.95165,3.123035
78,BE257,51.00165,3.3121600000000004
79,BE258,51.03725,2.68348
80,BE3,50.7511,2.93044
81,BE31,50.6529,4.560090000000001
82,BE310,50.6529,4.560090000000001
83,BE32,50.7511,2.93044
84,BE321,50.5968,3.69596
85,BE322,50.4587,4.387505
86,BE323,50.4594,3.8655600000000003
87,BE324,50.7511,2.93044
88,BE325,50.595650000000006,3.99598
89,BE326,50.2066,4.251379999999999
90,BE327,50.62820000000001,3.44539
91,BE33,50.47095,5.694185
92,BE331,50.50095,5.365515
93,BE332,50.60795,5.58413
94,BE334,50.6699,5.209440000000001
95,BE335,50.509699999999995,5.93402
96,BE336,50.6602,6.111685
97,BE34,49.9614,5.497165
98,BE341,49.69965,5.797695
99,BE342,50.08315,5.721159999999999
100,BE343,50.237,5.491255000000001
101,BE344,49.9132,5.33502
102,BE345,49.6398,5.4441500000000005
103,BE35,50.21775,4.841405
104,BE351,50.1053,5.061165000000001
105,BE352,50.458,4.8994
106,BE353,50.1346,4.543195
107,BG,42.74015,25.482300000000002
108,BG3,43.060249999999996,25.482300000000002
109,BG31,43.4621,23.825400000000002
110,BG311,43.80115,22.707749999999997
111,BG312,43.4791,23.1922
112,BG313,43.3926,23.82075
113,BG314,43.483149999999995,24.6226
114,BG315,43.043350000000004,24.55595
115,BG32,43.438,26.28285
116,BG321,43.21575,25.622
117,BG322,42.96825,25.2454
118,BG323,43.7032,25.958199999999998
119,BG324,43.637299999999996,26.59915
120,BG325,43.89895,27.026899999999998
121,BG33,43.42335,27.27565
122,BG331,43.21935,27.566249999999997
123,BG332,43.66235,27.9084
124,BG333,43.308499999999995,26.991950000000003
125,BG334,43.25095,26.37125
126,BG34,42.46955,26.51805
127,BG341,42.44215,27.31275
128,BG342,42.6479,26.275750000000002
129,BG343,42.30985,26.6177
130,BG344,42.402649999999994,25.596649999999997
131,BG4,42.228750000000005,24.4724
132,BG41,42.2559,23.42155
133,BG411,42.6512,23.3611
134,BG412,42.645250000000004,23.615650000000002
135,BG413,41.75005,23.4884
136,BG414,42.63290000000001,22.8665
137,BG415,42.33535,22.94485
138,BG42,42.028850000000006,25.178449999999998
139,BG421,42.2475,24.85255
140,BG422,41.7642,25.9014
141,BG423,42.14855,24.1451
142,BG424,41.6242,24.61955
143,BG425,41.5801,25.47385
144,CH,46.81225,8.224085
145,CH0,46.81225,8.224085
146,CH01,46.39765,7.21687
147,CH011,46.56155,6.65051
148,CH012,46.2561,7.624055
149,CH013,46.22465,6.133139999999999
150,CH02,46.9161,7.440855000000001
151,CH021,46.8258,7.6552050000000005
152,CH022,46.8418,6.836880000000001
153,CH023,47.282,7.694005
154,CH024,47.0086,6.7542349999999995
155,CH025,47.33415,7.208655
156,CH03,47.3781,7.87645
157,CH031,47.560199999999995,7.624265
158,CH032,47.45115,7.64166
159,CH033,47.3781,8.070105
160,CH04,47.42475,8.68103
161,CH040,47.42475,8.68103
162,CH05,46.98555,9.448834999999999
163,CH051,46.9931,9.063025
164,CH052,47.73524999999999,8.572835
165,CH053,47.35465,9.41208
166,CH054,47.313649999999996,9.406435
167,CH055,47.212199999999996,9.240575
168,CH056,46.6152,9.583025
169,CH057,47.54715,9.08303
170,CH06,46.904849999999996,8.42163
171,CH061,47.0302,8.17614
172,CH062,46.7589,8.683025
173,CH063,47.053,8.69689
174,CH064,46.88055,8.20899
175,CH065,46.8805,8.398985
176,CH066,47.17065,8.5516
177,CH07,46.22665,8.77205
178,CH070,46.22665,8.77205
179,CY,35.129400000000004,33.42905
180,CY0,35.129400000000004,33.42905
181,CY00,35.129400000000004,33.42905
182,CY000,35.129400000000004,33.42905
183,CZ,49.808499999999995,15.471150000000002
184,CZ0,49.808499999999995,15.471150000000002
185,CZ01,50.0613,14.46245
186,CZ010,50.0613,14.46245
187,CZ02,50.06475,14.469850000000001
188,CZ020,50.06475,14.469850000000001
189,CZ03,49.33095,13.999749999999999
190,CZ031,49.08365,14.57065
191,CZ032,49.533699999999996,13.109950000000001
192,CZ04,50.4799,13.37065
193,CZ041,50.18245,12.6961
194,CZ042,50.57214999999999,13.799299999999999
195,CZ05,50.30095,15.6034
196,CZ051,50.7506,14.98785
197,CZ052,50.4104,15.842200000000002
198,CZ053,49.88934999999999,16.113
199,CZ06,49.2392,16.275399999999998
200,CZ063,49.4042,15.66
201,CZ064,49.108,16.59465
202,CZ07,49.6519,17.5578
203,CZ071,49.862300000000005,17.31445
204,CZ072,49.19605,17.75785
205,CZ08,49.8588,17.999450000000003
206,CZ080,49.8588,17.999450000000003
207,DE,54.46925,11.1586
208,DE1,48.66545,9.00343
209,DE11,49.150999999999996,9.617885
210,DE111,48.7708,9.17632
211,DE112,48.694199999999995,8.96132
212,DE113,48.656800000000004,9.348855
213,DE114,48.655550000000005,9.73941
214,DE115,48.9095,9.137709999999998
215,DE116,48.91645,9.506495000000001
216,DE117,49.1498,9.172525
217,DE118,49.2097,9.17286
218,DE119,49.2676,9.601955
219,DE11A,49.1519,9.87884
220,DE11B,49.57995,9.728684999999999
221,DE11C,48.6275,10.215685
222,DE11D,48.8934,10.0418
223,DE12,48.98895,8.781725
224,DE121,48.755449999999996,8.214615
225,DE122,49.0227,8.408584999999999
226,DE123,49.055099999999996,8.576405000000001
227,DE124,48.79205,8.222095
228,DE125,49.4042,8.68182
229,DE126,49.4974,8.502665
230,DE127,49.4782,9.270895
231,DE128,49.4007,8.777175
232,DE129,48.874449999999996,8.72015
233,DE12A,48.66975,8.643574999999998
234,DE12B,48.91815,8.70634
235,DE12C,48.47695,8.52203
236,DE13,48.129000000000005,8.36763
237,DE131,47.9921,7.79481
238,DE132,47.929649999999995,7.99251
239,DE133,48.1332,7.8788149999999995
240,DE134,48.44515,8.00506
241,DE135,48.229600000000005,8.51502
242,DE136,47.980050000000006,8.38598
243,DE137,48.007149999999996,8.80026
244,DE138,47.796400000000006,8.914015
245,DE139,47.709199999999996,7.768835
246,DE13A,47.70205,8.2405
247,DE14,48.08685,9.45716
248,DE141,48.4003,9.383980000000001
249,DE142,48.4871,8.942595
250,DE143,48.2618,8.952645
251,DE144,48.384699999999995,9.938245
252,DE145,48.39165,9.860425
253,DE146,48.133700000000005,9.71026
254,DE147,47.71105,9.379655
255,DE148,47.80655,9.757995000000001
256,DE149,48.051199999999994,9.279335
257,DE2,48.9148,11.41503
258,DE21,48.2375,11.9069
259,DE211,48.7583,11.37755
260,DE212,48.154849999999996,11.542000000000002
261,DE213,47.852199999999996,12.1029
262,DE214,48.1993,12.74645
263,DE215,47.713,12.89685
264,DE216,47.7369,11.4714
265,DE217,48.3277,11.34775
266,DE218,48.0847,11.9275
267,DE219,48.91195,11.3281
268,DE21A,48.2862,11.9944
269,DE21B,48.44645,11.75515
270,DE21C,48.185900000000004,11.22345
271,DE21D,47.5552,11.1462
272,DE21E,48.04025,10.953
273,DE21F,47.75875,11.82935
274,DE21G,48.27355,12.32525
275,DE21H,48.109899999999996,11.616599999999998
276,DE21I,48.648250000000004,11.211400000000001
277,DE21J,48.62715,11.5074
278,DE21K,47.86605,12.125250000000001
279,DE21L,47.96655,11.2828
280,DE21M,47.8956,12.6007
281,DE21N,47.78495,11.064
282,DE22,48.69015,12.7194
283,DE221,48.55065,12.151
284,DE222,48.5754,13.408100000000001
285,DE223,48.894999999999996,12.5731
286,DE224,48.777550000000005,13.01135
287,DE225,48.8468,13.517499999999998
288,DE226,48.802800000000005,11.866499999999998
289,DE227,48.546949999999995,12.19305
290,DE228,48.51775000000001,13.41005
291,DE229,49.0182,13.09245
292,DE22A,48.409,12.823799999999999
293,DE22B,48.9181,12.51335
294,DE22C,48.65045,12.648399999999999
295,DE23,49.41205,12.17845
296,DE231,49.438,11.84665
297,DE232,49.02045,12.1043
298,DE233,49.66125,12.1643
299,DE234,49.490849999999995,11.8132
300,DE235,49.254099999999994,12.74095
301,DE236,49.18715,11.56095
302,DE237,49.6989,12.11225
303,DE238,48.99425,12.0745
304,DE239,49.3457,12.289200000000001
305,DE23A,49.9083,12.1813
306,DE24,50.05805,11.3549
307,DE241,49.8853,10.8906
308,DE242,49.9337,11.5998
309,DE243,50.2731,10.97785
310,DE244,50.293000000000006,11.89015
311,DE245,49.9071,10.8477
312,DE246,49.86925,11.544
313,DE247,50.239149999999995,10.95675
314,DE248,49.73525,11.148
315,DE249,50.2638,11.850999999999999
316,DE24A,50.3382,11.3859
317,DE24B,50.100899999999996,11.4733
318,DE24C,50.10065,11.1135
319,DE24D,50.0994,12.02495
320,DE25,49.32575,10.8399
321,DE251,49.29875,10.55475
322,DE252,49.5848,10.9856
323,DE253,49.48665,10.96695
324,DE254,49.438050000000004,11.08305
325,DE255,49.335,11.0282
326,DE256,49.22995,10.5
327,DE257,49.631150000000005,10.93735
328,DE258,49.44715,10.8533
329,DE259,49.489850000000004,11.36225
330,DE25A,49.584199999999996,10.4497
331,DE25B,49.193200000000004,11.122399999999999
332,DE25C,49.030550000000005,10.92185
333,DE26,50.022149999999996,9.925329999999999
334,DE261,49.969350000000006,9.158940000000001
335,DE262,50.06125,10.21995
336,DE263,49.7678,9.94285
337,DE264,49.99079999999999,9.235465
338,DE265,50.23595,9.996625000000002
339,DE266,50.3781,10.272874999999999
340,DE267,50.053349999999995,10.5902
341,DE268,49.75675,10.29595
342,DE269,49.756150000000005,9.25379
343,DE26A,50.00435,9.71259
344,DE26B,50.0257,10.239105
345,DE26C,49.7185,9.91083
346,DE27,48.14335,10.43521
347,DE271,48.35835,10.861699999999999
348,DE272,47.879450000000006,10.60425
349,DE273,47.7335,10.305
350,DE274,47.9863,10.167300000000001
351,DE275,48.4066,11.091650000000001
352,DE276,48.3584,10.743
353,DE277,48.6018,10.52405
354,DE278,48.350300000000004,10.358
355,DE279,48.282849999999996,10.137255
356,DE27A,47.606,9.81801
357,DE27B,47.820499999999996,10.6406
358,DE27C,48.0249,10.40595
359,DE27D,48.8018,10.7164
360,DE27E,47.564099999999996,10.239705
361,DE3,52.521249999999995,13.415700000000001
362,DE30,52.521249999999995,13.415700000000001
363,DE300,52.521249999999995,13.415700000000001
364,DE4,52.459849999999996,13.01045
365,DE40,52.459849999999996,13.01045
366,DE401,52.408550000000005,12.5267
367,DE402,51.781800000000004,14.38765
368,DE403,52.331,14.4988
369,DE404,52.424350000000004,13.0297
370,DE405,52.798249999999996,13.77725
371,DE406,52.0575,13.92905
372,DE407,51.6168,13.470199999999998
373,DE408,52.62665,12.65375
374,DE409,52.6348,14.12525
375,DE40A,52.91565,13.19105
376,DE40B,51.6331,13.92805
377,DE40C,52.24995,14.2111
378,DE40D,53.00805,12.586749999999999
379,DE40E,52.2666,12.76445
380,DE40F,53.1306,11.8413
381,DE40G,51.7837,14.4206
382,DE40H,52.0958,13.2114
383,DE40I,53.25355,13.8413
384,DE5,53.5393,8.567665
385,DE50,53.5393,8.567665
386,DE501,53.11905,8.734760000000001
387,DE502,53.5393,8.567665
388,DE6,53.56815,10.0192
389,DE60,53.56815,10.0192
390,DE600,53.56815,10.0192
391,DE7,50.530649999999994,9.005
392,DE71,49.95445,8.75994
393,DE711,49.8799,8.67232
394,DE712,50.122,8.63292
395,DE713,50.099549999999994,8.77731
396,DE714,50.070499999999996,8.2491
397,DE715,49.6288,8.628245
398,DE716,49.86005,8.785615
399,DE717,49.895250000000004,8.454180000000001
400,DE718,50.28725,8.513285
401,DE719,50.2595,9.263265
402,DE71A,50.100750000000005,8.458945
403,DE71B,49.628699999999995,8.974070000000001
404,DE71C,50.042500000000004,8.82007
405,DE71D,50.13305,8.090645
406,DE71E,50.3308,8.900435
407,DE72,50.623099999999994,8.806645
408,DE721,50.5603,8.82659
409,DE722,50.6307,8.38816
410,DE723,50.4383,8.219385
411,DE724,50.834149999999994,8.752185
412,DE725,50.61105,9.28005
413,DE73,51.003249999999994,9.356945
414,DE731,51.30665,9.462729999999999
415,DE732,50.57915,9.752565
416,DE733,50.90935,9.75248
417,DE734,51.410399999999996,9.427265
418,DE735,51.02485,9.376065
419,DE736,51.22255,8.849635
420,DE737,51.2017,9.93598
421,DE8,53.999849999999995,13.9885
422,DE80,53.999849999999995,13.9885
423,DE803,54.152150000000006,12.1461
424,DE804,53.61255,11.40295
425,DE80J,53.58495,13.035599999999999
426,DE80K,53.921350000000004,12.1667
427,DE80L,54.45,13.42125
428,DE80M,53.79755,11.28365
429,DE80N,53.999849999999995,13.9885
430,DE80O,53.44665,11.4634
431,DE9,52.5918,9.147835
432,DE91,52.05865,10.25176
433,DE911,52.265550000000005,10.53365
434,DE912,52.12755,10.37045
435,DE913,52.388,10.7686
436,DE914,52.573,10.64125
437,DE915,51.47395,9.961345
438,DE916,51.8421,10.38345
439,DE917,52.2599,10.8478
440,DE918,51.7547,9.788910000000001
441,DE919,51.6747,10.415500000000002
442,DE91A,52.3156,10.21405
443,DE91B,52.0886,10.259699999999999
444,DE92,52.34595,9.294654999999999
445,DE922,52.750550000000004,8.706605
446,DE923,52.0985,9.409015
447,DE925,52.095,9.943375
448,DE926,51.8457,9.601569999999999
449,DE927,52.644800000000004,9.118835
450,DE928,52.276250000000005,9.205925
451,DE929,52.395700000000005,9.76515
452,DE93,53.196349999999995,10.040575
453,DE931,52.72345,10.085115
454,DE932,53.58195,8.890965000000001
455,DE933,53.31715,10.01595
456,DE934,53.05115000000001,11.1763
457,DE935,53.21905,10.60725
458,DE936,53.25765,8.778390000000002
459,DE937,53.2549,9.32854
460,DE938,52.9289,9.78135
461,DE939,53.608850000000004,9.389050000000001
462,DE93A,52.999849999999995,10.5247
463,DE93B,52.97305,9.185275
464,DE94,52.8838,7.704645
465,DE941,53.054500000000004,8.644875
466,DE942,53.365899999999996,7.153385
467,DE943,53.13595,8.220175000000001
468,DE944,52.2987,8.055935
469,DE945,53.572050000000004,8.07878
470,DE946,53.2068,8.003015
471,DE947,53.5126,7.407465
472,DE948,52.93235,7.935365000000001
473,DE949,52.696799999999996,7.419130000000001
474,DE94A,53.5076,8.002725
475,DE94B,52.4401,7.007675000000001
476,DE94C,53.2168,7.539055
477,DE94D,52.97705,8.37243
478,DE94E,52.3705,8.06227
479,DE94F,52.659000000000006,8.2451
480,DE94G,53.35665,8.41441
481,DE94H,53.5416,7.69364
482,DEA,51.411699999999996,7.6683699999999995
483,DEA1,51.45795,6.6299399999999995
484,DEA11,51.2375,6.816325
485,DEA12,51.4332,6.72973
486,DEA13,51.4506,7.017975
487,DEA14,51.3464,6.593885
488,DEA15,51.15775,6.40706
489,DEA16,51.4118,6.884644999999999
490,DEA17,51.51745,6.8560099999999995
491,DEA18,51.17555,7.21649
492,DEA19,51.16275,7.082034999999999
493,DEA1A,51.2392,7.16083
494,DEA1B,51.6329,6.234915
495,DEA1C,51.2226,6.98356
496,DEA1D,51.1759,6.663775000000001
497,DEA1E,51.2984,6.34905
498,DEA1F,51.602199999999996,6.632529999999999
499,DEA2,50.780950000000004,6.831495
500,DEA22,50.698949999999996,7.118875
501,DEA23,50.962599999999995,6.967455000000001
502,DEA24,51.05515,7.007219999999999
503,DEA26,50.8262,6.450385000000001
504,DEA27,50.891549999999995,6.744485000000001
505,DEA28,50.554,6.6217299999999994
506,DEA29,51.0488,6.16815
507,DEA2A,51.029650000000004,7.5270399999999995
508,DEA2B,51.0106,7.194535
509,DEA2C,50.7542,7.266495
510,DEA2D,50.72355,6.217445
511,DEA3,51.97765,7.355479999999999
512,DEA31,51.56675,6.9159
513,DEA32,51.552049999999994,7.066360000000001
514,DEA33,51.9375,7.62459
515,DEA34,51.9946,6.829265
516,DEA35,51.8615,7.395764999999999
517,DEA36,51.671949999999995,7.183755
518,DEA37,52.23685,7.558065
519,DEA38,51.8792,7.966685
520,DEA4,51.97155,8.767565000000001
521,DEA41,52.01405,8.515979999999999
522,DEA42,51.917249999999996,8.411935
523,DEA43,52.1639,8.668855
524,DEA44,51.676249999999996,9.18252
525,DEA45,51.99215,8.975745
526,DEA46,52.331450000000004,8.71459
527,DEA47,51.65305,8.710135000000001
528,DEA5,51.211600000000004,8.037424999999999
529,DEA51,51.4728,7.226195
530,DEA52,51.5078,7.474045
531,DEA53,51.3414,7.482505
532,DEA54,51.658,7.836535
533,DEA55,51.5292,7.216575
534,DEA56,51.34855,7.31746
535,DEA57,51.3172,8.417209999999999
536,DEA58,51.27575,7.686589999999999
537,DEA59,51.08625,7.97746
538,DEA5A,50.89505,8.18917
539,DEA5B,51.557100000000005,8.206575
540,DEA5C,51.560050000000004,7.624215
541,DEB,49.95325,7.30708
542,DEB1,50.24425,7.455359999999999
543,DEB11,50.334950000000006,7.587625
544,DEB12,50.4782,7.051935
545,DEB13,50.756550000000004,7.74023
546,DEB14,49.8256,7.68115
547,DEB15,49.716750000000005,7.275365000000001
548,DEB16,50.12305,7.17029
549,DEB17,50.31875,7.324195
550,DEB18,50.56175,7.458315
551,DEB19,50.05795,7.48376
552,DEB1A,50.23635,7.850020000000001
553,DEB1B,50.5492,7.874969999999999
554,DEB2,49.9561,6.690315
555,DEB21,49.78425,6.650355
556,DEB22,49.88775,6.98222
557,DEB23,50.0723,6.414395
558,DEB24,50.234300000000005,6.726895000000001
559,DEB25,49.7164,6.71218
560,DEB3,49.5246,7.874955
561,DEB31,49.5297,8.366315
562,DEB32,49.4242,7.747895
563,DEB33,49.20735,8.119209999999999
564,DEB34,49.491200000000006,8.39215
565,DEB35,49.987899999999996,8.261865
566,DEB36,49.35,8.158485
567,DEB37,49.1956,7.59413
568,DEB38,49.3125,8.431345
569,DEB39,49.6588,8.351289999999999
570,DEB3A,49.25295,7.356625
571,DEB3B,49.74565,8.192314999999999
572,DEB3C,49.46795,8.073195
573,DEB3D,49.62115,7.924325
574,DEB3E,49.13165,8.240739999999999
575,DEB3F,49.4562,7.679905
576,DEB3G,49.5398,7.4779599999999995
577,DEB3H,49.171549999999996,8.084745
578,DEB3I,49.42245,8.365305
579,DEB3J,49.92555,8.032435
580,DEB3K,49.206450000000004,7.61852
581,DEC,49.37565,6.884595000000001
582,DEC0,49.37565,6.884595000000001
583,DEC01,49.2448,6.926465
584,DEC02,49.4928,6.662775
585,DEC03,49.37205,7.10473
586,DEC04,49.36025,6.773154999999999
587,DEC05,49.26155,7.232330000000001
588,DEC06,49.53545,7.098185
589,DED,50.90985,13.4544
590,DED2,51.15455,14.118
591,DED21,51.075199999999995,13.77295
592,DED2C,51.2928,14.23225
593,DED2D,51.20055,14.742550000000001
594,DED2E,51.235200000000006,13.52735
595,DED2F,50.89595,13.905100000000001
596,DED4,50.7012,12.761849999999999
597,DED41,50.81675,12.91385
598,DED42,50.605450000000005,12.97975
599,DED43,50.932,13.13475
600,DED44,50.42425,12.22765
601,DED45,50.7352,12.51565
602,DED5,51.31425,12.6789
603,DED51,51.340450000000004,12.392949999999999
604,DED52,51.213800000000006,12.54505
605,DED53,51.432950000000005,12.67935
606,DEE,51.9894,11.86145
607,DEE0,51.9894,11.86145
608,DEE01,51.852050000000006,12.228449999999999
609,DEE02,51.47425,11.955
610,DEE03,52.1148,11.64215
611,DEE04,52.66395,11.19585
612,DEE05,51.81765,12.2189
613,DEE06,52.286550000000005,12.01085
614,DEE07,52.198949999999996,11.3932
615,DEE08,51.128550000000004,11.8392
616,DEE09,51.8115,10.9814
617,DEE0A,51.53485,11.323799999999999
618,DEE0B,51.455650000000006,11.8139
619,DEE0C,51.85315,11.6296
620,DEE0D,52.68375,11.822949999999999
621,DEE0E,51.8356,12.721499999999999
622,DEF,54.46925,11.1586
623,DEF0,54.46925,11.1586
624,DEF01,54.7876,9.431519999999999
625,DEF02,54.34415,10.12585
626,DEF03,53.8983,10.761600000000001
627,DEF04,54.0753,9.992339999999999
628,DEF05,54.127700000000004,9.125834999999999
629,DEF06,53.58755,10.5943
630,DEF07,54.66235,8.80217
631,DEF08,54.46925,11.1586
632,DEF09,53.725300000000004,9.715634999999999
633,DEF0A,54.2442,10.36985
634,DEF0B,54.324349999999995,9.75499
635,DEF0C,54.5813,9.546790000000001
636,DEF0D,53.86805,10.157519999999998
637,DEF0E,53.901650000000004,9.53204
638,DEF0F,53.7076,10.3026
639,DEG,50.935100000000006,11.265725
640,DEG0,50.935100000000006,11.265725
641,DEG01,50.98715,11.01685
642,DEG02,50.89485,12.0811
643,DEG03,50.9367,11.5853
644,DEG04,50.62225,10.689599999999999
645,DEG05,50.9707,11.3217
646,DEG06,51.3827,10.225769999999999
647,DEG07,51.50595,10.729299999999999
648,DEG09,51.19135,10.55395
649,DEG0A,51.316100000000006,10.9788
650,DEG0B,50.62605,10.395
651,DEG0C,50.9084,10.68545
652,DEG0D,51.17065,11.1738
653,DEG0E,50.4067,10.74485
654,DEG0F,50.73295,10.9778
655,DEG0G,50.95465,11.4036
656,DEG0H,50.3999,11.1058
657,DEG0I,50.6201,11.30105
658,DEG0J,50.91915,11.72255
659,DEG0K,50.581199999999995,11.713650000000001
660,DEG0L,50.7549,12.092600000000001
661,DEG0M,50.954750000000004,12.4304
662,DEG0N,50.99025,10.287099999999999
663,DEG0P,50.883250000000004,10.246625
664,DK,55.87185,10.6058
665,DK0,55.87185,10.6058
666,DK01,55.833,11.962
667,DK011,55.64085,12.56715
668,DK012,55.7008,12.3673
669,DK013,55.833,11.962
670,DK014,55.1389,14.92065
671,DK02,54.97365,12.32685
672,DK021,55.5914,12.0713
673,DK022,54.97365,12.32685
674,DK03,54.942350000000005,10.7957
675,DK031,54.942350000000005,10.7957
676,DK032,55.39335,9.073965000000001
677,DK04,55.87185,10.6058
678,DK041,56.30325,8.947705
679,DK042,55.87185,10.6058
680,DK05,56.8105,9.749055
681,DK050,56.8105,9.749055
682,EE,58.88755,22.55655
683,EE0,58.88755,22.55655
684,EE00,58.88755,22.55655
685,EE001,59.32795,24.8429
686,EE004,58.88755,22.55655
687,EE006,59.1319,25.514400000000002
688,EE007,59.143299999999996,27.459200000000003
689,EE008,58.2394,26.3992
690,EL,37.4587,25.38615
691,EL3,37.723200000000006,23.49145
692,EL30,37.723200000000006,23.49145
693,EL301,38.0456,23.855
694,EL302,38.0022,23.6463
695,EL303,37.98765,23.754649999999998
696,EL304,37.916,23.73925
697,EL305,38.004549999999995,23.8598
698,EL306,38.10755,23.4182
699,EL307,37.723200000000006,23.49145
700,EL4,37.4587,25.38615
701,EL41,37.60395,26.17005
702,EL411,39.908950000000004,25.246450000000003
703,EL412,37.60395,26.17005
704,EL413,38.36745,25.99615
705,EL42,37.4587,25.38615
706,EL421,36.5769,26.36665
707,EL422,37.4587,25.38615
708,EL43,35.3126,24.9151
709,EL431,35.168400000000005,25.13655
710,EL432,35.16615,25.8567
711,EL433,35.25975,24.5991
712,EL434,35.43565,23.92365
713,EL5,40.44475,25.569699999999997
714,EL51,40.44475,25.569699999999997
715,EL511,40.44475,25.569699999999997
716,EL512,41.13015,24.84235
717,EL513,41.0852,25.50655
718,EL514,41.2799,24.2041
719,EL515,40.69175,24.6435
720,EL52,40.06565,23.52845
721,EL521,40.51745,22.2836
722,EL522,40.678200000000004,23.1283
723,EL523,41.0655,22.7455
724,EL524,40.90515,22.171950000000002
725,EL525,40.24935,22.3896
726,EL526,41.0788,23.49855
727,EL527,40.06565,23.52845
728,EL53,40.3866,21.48135
729,EL531,40.2643,21.5704
730,EL532,40.451750000000004,21.14445
731,EL533,40.73325,21.394849999999998
732,EL54,39.66315,20.71875
733,EL541,39.244749999999996,20.951749999999997
734,EL542,39.53895,20.3446
735,EL543,39.832499999999996,20.80435
736,EL6,38.400999999999996,20.68615
737,EL61,39.14855,23.69935
738,EL611,39.459599999999995,21.692
739,EL612,39.66165,22.39985
740,EL613,39.14855,23.69935
741,EL62,38.400999999999996,20.68615
742,EL621,37.78375,20.8071
743,EL622,39.5787,19.87555
744,EL623,38.400999999999996,20.68615
745,EL624,38.7148,20.63665
746,EL63,38.7383,21.36335
747,EL631,38.7383,21.36335
748,EL632,38.061499999999995,21.86205
749,EL633,37.73975,21.552300000000002
750,EL64,38.8557,24.55665
751,EL641,38.36215,23.08905
752,EL642,38.8557,24.55665
753,EL643,38.9628,21.66045
754,EL644,38.8868,22.6019
755,EL645,38.534499999999994,22.2299
756,EL65,37.99785,23.0143
757,EL651,37.4324,22.6237
758,EL652,37.99785,23.0143
759,EL653,36.9404,22.38125
760,ES,35.8928,-5.362275
761,ES1,42.79205,-6.21763
762,ES11,42.79205,-8.00793
763,ES111,43.1469,-8.471695
764,ES112,43.0304,-7.411475
765,ES113,42.19305,-7.545795
766,ES114,42.3605,-8.386239999999999
767,ES12,43.28405000000001,-5.84737
768,ES120,43.28405000000001,-5.84737
769,ES13,43.1374,-4.00239
770,ES130,43.1374,-4.00239
771,ES2,41.6626,-1.341127
772,ES21,42.962199999999996,-2.589525
773,ES211,42.84354999999999,-2.759755
774,ES212,43.14565,-2.16273
775,ES213,43.236000000000004,-2.9314999999999998
776,ES22,42.6128,-1.6123
777,ES220,42.6128,-1.6123
778,ES23,42.28,-2.406975
779,ES230,42.28,-2.406975
780,ES24,41.39665,-0.7012970000000001
781,ES241,42.14035,-0.07844299999999998
782,ES242,40.610600000000005,-0.7563880000000001
783,ES243,41.843199999999996,-0.892385
784,ES3,40.525400000000005,-3.819725
785,ES30,40.525400000000005,-3.819725
786,ES300,40.525400000000005,-3.819725
787,ES4,42.720749999999995,-2.692955
788,ES41,42.720749999999995,-2.692955
789,ES411,40.617599999999996,-4.948945
790,ES412,42.720749999999995,-2.692955
791,ES413,42.633750000000006,-5.906924999999999
792,ES414,42.402,-4.45924
793,ES415,40.78255,-6.009885
794,ES416,41.10845,-3.96475
795,ES417,41.5971,-2.65848
796,ES418,41.70165,-4.686045
797,ES419,41.6854,-6.131425
798,ES42,39.6756,-3.160943
799,ES421,38.721999999999994,-1.8993130000000003
800,ES422,39.4757,-4.848095
801,ES423,39.93575,-2.15189
802,ES424,40.73885,-2.539395
803,ES425,39.788399999999996,-4.157195
804,ES43,39.213499999999996,-6.0919550000000005
805,ES431,38.6957,-5.982825
806,ES432,39.75875,-6.2437249999999995
807,ES5,38.706500000000005,1.4848
808,ES51,41.682050000000004,1.7465544999999998
809,ES511,41.751,2.06911
810,ES512,42.0706,2.5266649999999995
811,ES513,42.06,1.08489
812,ES514,41.049,0.9080545000000001
813,ES52,40.10825,-1.26046
814,ES521,38.36425,-0.44431500000000007
815,ES522,40.24995,-0.16125499999999998
816,ES523,40.10825,-1.26046
817,ES53,38.706500000000005,1.4848
818,ES531,38.706500000000005,1.4848
819,ES532,39.612049999999996,2.900195
820,ES533,39.93655,4.050705
821,ES6,35.8928,-5.362275
822,ES61,37.3681,-4.571359999999999
823,ES611,37.29965,-2.38511
824,ES612,36.52875,-5.763465
825,ES613,37.95675,-4.79284
826,ES614,37.3891,-3.267635
827,ES615,37.5036,-6.818925
828,ES616,37.9593,-3.366505
829,ES617,36.7919,-4.689995
830,ES618,37.52205,-5.59477
831,ES62,38.05645,-1.5312105
832,ES620,38.05645,-1.5312105
833,ES63,35.8928,-5.362275
834,ES630,35.8928,-5.362275
835,ES64,35.29635,-2.948725
836,ES640,35.29635,-2.948725
837,ES7,27.74105,-18.0209
838,ES70,27.74105,-18.0209
839,ES703,27.74105,-18.0209
840,ES704,28.398049999999998,-14.159099999999999
841,ES705,27.9533,-15.60145
842,ES706,28.114,-17.2242
843,ES707,28.64675,-17.865949999999998
844,ES708,29.03875,-13.63705
845,ES709,28.293149999999997,-16.5292
846,FI,60.039,20.099899999999998
847,FI1,63.2274,21.2711
848,FI19,63.2274,21.2711
849,FI193,62.531499999999994,25.394550000000002
850,FI194,62.73075,23.0692
851,FI195,63.2274,21.2711
852,FI196,61.60425,22.124049999999997
853,FI197,61.717,23.7023
854,FI1B,60.3213,24.67435
855,FI1B1,60.3213,24.67435
856,FI1C,60.155,22.673499999999997
857,FI1C1,60.155,22.673499999999997
858,FI1C2,60.9387,24.19775
859,FI1C3,61.2294,25.6846
860,FI1C4,60.82995,27.015549999999998
861,FI1C5,61.2606,28.632550000000002
862,FI1D,65.00335,24.8216
863,FI1D1,61.90975,27.9557
864,FI1D2,63.089,27.5687
865,FI1D3,62.8005,29.97315
866,FI1D4,64.59365,28.42225
867,FI1D5,63.60465,24.0205
868,FI1D6,65.00335,24.8216
869,FI1D7,67.84055000000001,25.2828
870,FI2,60.039,20.099899999999998
871,FI20,60.039,20.099899999999998
872,FI200,60.039,20.099899999999998
873,FR,15.938849999999999,-61.263400000000004
874,FR1,48.6809,2.5023549999999997
875,FR10,48.6809,2.5023549999999997
876,FR101,48.85875,2.3469800000000003
877,FR102,48.6236,2.98004
878,FR103,48.76775,1.83692
879,FR104,48.53135,2.2469
880,FR105,48.849900000000005,2.24072
881,FR106,48.9086,2.446785
882,FR107,48.7706,2.4564950000000003
883,FR108,49.07045,2.099665
884,FR2,48.25905,1.9687999999999999
885,FR21,48.862849999999995,4.64028
886,FR211,49.69025,4.709065
887,FR212,48.3134,4.133509999999999
888,FR213,48.9604,4.217685
889,FR214,48.1307,5.277455
890,FR22,49.6066,2.814895
891,FR221,49.45275,3.604335
892,FR222,49.419,2.42687
893,FR223,49.96655,2.2762
894,FR23,49.367599999999996,0.9341345
895,FR231,49.074650000000005,1.049942
896,FR232,49.6585,0.9265795
897,FR24,47.644149999999996,1.5912
898,FR241,47.020700000000005,2.42461
899,FR242,48.4513,1.374875
900,FR243,46.811949999999996,1.5358995000000002
901,FR244,47.221199999999996,0.709855
902,FR245,47.6588,1.414122
903,FR246,47.902699999999996,2.324345
904,FR25,48.96025,-0.48969
905,FR251,49.09105,-0.35675650000000003
906,FR252,49.09395000000001,-1.3409295
907,FR253,48.57335,0.05368999999999996
908,FR26,47.27355,4.181865
909,FR261,47.4606,4.791869999999999
910,FR262,47.114000000000004,3.53329
911,FR263,46.656099999999995,4.54728
912,FR264,47.85045,3.59223
913,FR3,50.534099999999995,2.89323
914,FR30,50.534099999999995,2.89323
915,FR301,50.534099999999995,3.1493650000000004
916,FR302,50.522400000000005,2.37114
917,FR4,47.938900000000004,6.560605000000001
918,FR41,48.715050000000005,6.262115
919,FR411,48.947649999999996,6.29702
920,FR412,49.019000000000005,5.37103
921,FR413,49.01665,6.76452
922,FR414,48.1633,6.304035
923,FR42,48.24915,7.539405
924,FR421,48.593900000000005,7.59365
925,FR422,47.8712,7.234075000000001
926,FR43,47.1381,6.1927900000000005
927,FR431,47.060249999999996,6.380185
928,FR432,46.78245,5.72928
929,FR433,47.64025,6.0988050000000005
930,FR434,47.628299999999996,6.943994999999999
931,FR5,45.9255,-1.3046950000000002
932,FR51,47.41415,-0.8211450000000001
933,FR511,47.347899999999996,-1.7412015
934,FR512,47.3929,-0.5621
935,FR513,48.1476,-0.6447995000000001
936,FR514,48.0141,0.23436599999999996
937,FR515,46.675650000000005,-1.4226725
938,FR52,48.15689999999999,-2.894285
939,FR521,48.4491,-2.78407
940,FR522,48.25005,-4.08237
941,FR523,48.1654,-1.6516800000000003
942,FR524,47.8169,-2.88525
943,FR53,45.9255,-1.3046950000000002
944,FR531,45.66385,0.23972399999999996
945,FR532,45.9255,-1.3046950000000002
946,FR533,46.52655,-0.34730300000000003
947,FR534,46.6064,0.555472
948,FR6,44.51185,0.8311850000000001
949,FR61,44.2461,-0.1688599999999999
950,FR611,45.14595,0.70403125
951,FR612,44.8804,-0.4730455
952,FR613,44.018100000000004,-0.6945395000000001
953,FR614,44.3727,0.467225
954,FR615,43.186949999999996,-0.88816475
955,FR62,43.7995,1.567505
956,FR621,42.94415,1.51213
957,FR622,44.3108,2.64474
958,FR623,43.30465,1.2354195
959,FR624,43.68805,0.458615
960,FR625,44.6238,1.594492
961,FR626,43.13945,0.1650965
962,FR627,43.789699999999996,2.23536
963,FR628,44.08095,1.3660275
964,FR63,45.68675,1.6193805000000001
965,FR631,45.339,1.87829
966,FR632,46.056700000000006,1.990785
967,FR633,45.92215,1.2659455
968,FR7,45.455299999999994,4.624245
969,FR71,45.31455,5.439795
970,FR711,46.06335,5.450755
971,FR712,44.81505,4.374560000000001
972,FR713,44.72895,5.240525
973,FR714,45.29365,5.555680000000001
974,FR715,45.756150000000005,4.2254700000000005
975,FR716,45.879000000000005,4.71937
976,FR717,45.495099999999994,6.40466
977,FR718,46.0709,6.43225
978,FR72,45.7052,3.27302
979,FR721,46.3628,3.1399549999999996
980,FR722,45.047,2.71218
981,FR723,45.08265,3.78269
982,FR724,45.7662,3.18635
983,FR8,44.35625,4.969925
984,FR81,43.6524,3.265875
985,FR811,43.0584,2.46449
986,FR812,43.96,4.05322
987,FR813,43.58985,3.36684
988,FR814,44.5509,3.4899199999999997
989,FR815,42.62585,2.4503
990,FR82,44.35625,4.969925
991,FR821,44.161500000000004,6.223615000000001
992,FR822,44.65865,6.242075
993,FR823,43.9207,7.175314999999999
994,FR824,43.5517,5.014745
995,FR825,43.4114,6.294875
996,FR826,44.35625,4.969925
997,FR83,42.18365,9.056525
998,FR831,41.8745,8.978100000000001
999,FR832,42.42315,9.066265000000001
1000,FRA,15.938849999999999,-61.263400000000004
1001,FRA1,15.938849999999999,-61.263400000000004
1002,FRA10,15.938849999999999,-61.263400000000004
1003,FRA2,14.63655,-61.019850000000005
1004,FRA20,14.63655,-61.019850000000005
1005,FRA3,3.932405,-53.110150000000004
1006,FRA30,3.932405,-53.110150000000004
1007,FRA4,-21.134549999999997,55.52145
1008,FRA40,-21.134549999999997,55.52145
1009,FRA5,-12.8346,45.13975
1010,FRA50,-12.8346,45.13975
1011,HR,44.0272,15.0222
1012,HR0,44.0272,15.0222
1013,HR03,44.0272,15.0222
1014,HR031,45.090199999999996,14.6293
1015,HR032,44.697050000000004,15.5066
1016,HR033,44.0272,15.0222
1017,HR034,43.8596,16.0516
1018,HR035,43.1701,16.781599999999997
1019,HR036,45.14425,13.85825
1020,HR037,42.95245,16.915
1021,HR04,45.7029,17.19335
1022,HR041,45.7917,16.00005
1023,HR042,45.77375,16.01645
1024,HR043,46.090999999999994,15.92405
1025,HR044,46.20785,16.32545
1026,HR045,46.11635,16.817999999999998
1027,HR046,46.427499999999995,16.548450000000003
1028,HR047,45.7826,16.99115
1029,HR048,45.731350000000006,17.58445
1030,HR049,45.379099999999994,17.522100000000002
1031,HR04A,45.218,17.824150000000003
1032,HR04B,45.57535,18.4923
1033,HR04C,45.16805,18.96
1034,HR04D,45.32275,15.441949999999999
1035,HR04E,45.3328,16.4803
1036,HU,47.1611,19.50505
1037,HU1,47.502750000000006,19.393700000000003
1038,HU10,47.502750000000006,19.393700000000003
1039,HU101,47.47985,19.13195
1040,HU102,47.502750000000006,19.393700000000003
1041,HU2,46.8745,17.560000000000002
1042,HU21,47.2527,18.020200000000003
1043,HU211,47.132149999999996,18.500799999999998
1044,HU212,47.57625,18.4127
1045,HU213,47.1118,17.6494
1046,HU22,47.159800000000004,17.02345
1047,HU221,47.64245,17.17745
1048,HU222,47.0914,16.686300000000003
1049,HU223,46.67815,16.89045
1050,HU23,46.354299999999995,17.9411
1051,HU231,46.07285,18.24655
1052,HU232,46.4097,17.54345
1053,HU233,46.483000000000004,18.5193
1054,HU3,47.2498,20.81455
1055,HU31,48.002849999999995,20.524749999999997
1056,HU311,48.11985,21.0865
1057,HU312,47.78185,20.171300000000002
1058,HU313,47.963499999999996,19.51075
1059,HU32,47.5822,21.2745
1060,HU321,47.4568,21.47815
1061,HU322,47.2136,20.3415
1062,HU323,48.004000000000005,21.987650000000002
1063,HU33,46.573350000000005,20.1959
1064,HU331,46.5226,19.4462
1065,HU332,46.74745,21.0333
1066,HU333,46.46639999999999,20.2069
1067,IE,53.94655,-10.075975
1068,IE0,53.94655,-10.075975
1069,IE01,53.94655,-10.075975
1070,IE011,54.5446,-7.61772
1071,IE012,53.36035,-7.510435
1072,IE013,53.94655,-10.075975
1073,IE02,52.6814,-8.23577
1074,IE021,53.406549999999996,-6.295435
1075,IE022,53.29785,-6.6714850000000006
1076,IE023,52.7237,-8.784650000000001
1077,IE024,52.42375,-7.274445
1078,IE025,52.01495,-9.15728
1079,IS,64.9691,-19.013499999999997
1080,IS0,64.9691,-19.013499999999997
1081,IS00,64.9691,-19.013499999999997
1082,IS001,64.17495,-21.644
1083,IS002,64.9691,-19.013499999999997
1084,IT,42.777,10.27365
1085,ITC,45.199250000000006,9.028425
1086,ITC1,45.258449999999996,7.921809999999999
1087,ITC11,45.15175000000001,7.39099
1088,ITC12,45.55655,8.20523
1089,ITC13,45.564099999999996,8.105220000000001
1090,ITC14,46.111149999999995,8.301795
1091,ITC15,45.579449999999994,8.576754999999999
1092,ITC16,44.453900000000004,7.555015000000001
1093,ITC17,44.821200000000005,8.192744999999999
1094,ITC18,44.83625,8.67128
1095,ITC2,45.72725,7.36951
1096,ITC20,45.72725,7.36951
1097,ITC3,44.22435,8.785255
1098,ITC31,43.95185,7.818280000000001
1099,ITC32,44.2338,8.32084
1100,ITC33,44.444500000000005,9.074770000000001
1101,ITC34,44.239850000000004,9.774180000000001
1102,ITC4,45.6541,9.97018
1103,ITC41,45.827799999999996,8.810065000000002
1104,ITC42,45.94015,9.15695
1105,ITC43,45.898799999999994,9.393715
1106,ITC44,46.3168,9.93965
1107,ITC46,45.74365,9.85403
1108,ITC47,45.77395,10.345385
1109,ITC48,45.039950000000005,9.031120000000001
1110,ITC49,45.25495,9.617315000000001
1111,ITC4A,45.22085,10.032195
1112,ITC4B,45.165949999999995,10.872250000000001
1113,ITC4C,45.452349999999996,9.128609999999998
1114,ITC4D,45.639700000000005,9.274384999999999
1115,ITF,40.409499999999994,15.77385
1116,ITF1,42.29125,13.905100000000001
1117,ITF11,42.13955,13.630199999999999
1118,ITF12,42.657349999999994,13.75235
1119,ITF13,42.30865,14.00965
1120,ITF14,42.102199999999996,14.43245
1121,ITF2,41.71695,14.5396
1122,ITF21,41.63175,14.230899999999998
1123,ITF22,41.71695,14.760349999999999
1124,ITF3,40.7528,14.78365
1125,ITF31,41.202650000000006,14.146
1126,ITF32,41.24785,14.7506
1127,ITF33,40.7912,14.3118
1128,ITF34,40.9935,15.0721
1129,ITF35,40.42335,15.137550000000001
1130,ITF4,40.870599999999996,16.7256
1131,ITF43,40.54745,17.259050000000002
1132,ITF44,40.63575,17.6964
1133,ITF45,40.15455,18.1403
1134,ITF46,41.50165,15.565900000000001
1135,ITF47,40.965599999999995,16.800600000000003
1136,ITF48,41.17165,16.2063
1137,ITF5,40.5173,16.10115
1138,ITF51,40.5173,15.866950000000001
1139,ITF52,40.4467,16.4578
1140,ITF6,39.0304,16.4115
1141,ITF61,39.59255,16.390549999999998
1142,ITF62,39.19425,16.901
1143,ITF63,38.832,16.504550000000002
1144,ITF64,38.61965,16.1245
1145,ITF65,38.24325,16.1081
1146,ITG,40.05655,8.981015
1147,ITG1,37.488299999999995,14.0479
1148,ITG11,37.8702,12.7716
1149,ITG12,37.8817,13.61295
1150,ITG13,38.053250000000006,14.9182
1151,ITG14,37.424350000000004,13.46545
1152,ITG15,37.373549999999994,14.063500000000001
1153,ITG16,37.58925,14.44085
1154,ITG17,37.501900000000006,14.8054
1155,ITG18,36.91745,14.669
1156,ITG19,37.041399999999996,15.04525
1157,ITG2,40.05655,8.981015
1158,ITG25,40.6346,8.70881
1159,ITG26,40.266149999999996,9.223665
1160,ITG27,39.39745,9.131755
1161,ITG28,40.02635,8.77101
1162,ITG29,40.88075,9.275780000000001
1163,ITG2A,39.887100000000004,9.5078
1164,ITG2B,39.579,8.733339999999998
1165,ITG2C,39.22045,8.610615
1166,ITH,45.417249999999996,11.559384999999999
1167,ITH1,46.65025,11.4356
1168,ITH10,46.65025,11.4356
1169,ITH2,46.102999999999994,11.207650000000001
1170,ITH20,46.102999999999994,11.207650000000001
1171,ITH3,45.7362,11.86495
1172,ITH31,45.4429,11.0591
1173,ITH32,45.6213,11.48
1174,ITH33,46.2802,12.217
1175,ITH34,45.80345,12.21045
1176,ITH35,45.156800000000004,12.1506
1177,ITH36,45.408249999999995,11.7957
1178,ITH37,44.96565,11.83465
1179,ITH4,46.1096,13.11985
1180,ITH41,46.1023,12.65005
1181,ITH42,46.1394,13.106449999999999
1182,ITH43,45.86565,13.508
1183,ITH44,45.6964,13.74925
1184,ITH5,44.4432,10.975435000000001
1185,ITH51,44.84425,9.641785
1186,ITH52,44.698949999999996,9.971745
1187,ITH53,44.60895000000001,10.515
1188,ITH54,44.5338,10.919350000000001
1189,ITH55,44.4328,11.31465
1190,ITH56,44.76265,11.81695
1191,ITH57,44.37625,11.95465
1192,ITH58,44.03945,12.04905
1193,ITH59,43.958,12.42915
1194,ITI,42.777,10.27365
1195,ITI1,42.777,10.27365
1196,ITI11,44.22125,9.970315
1197,ITI12,44.01095,10.44065
1198,ITI13,43.985150000000004,10.8474
1199,ITI14,43.8461,11.232050000000001
1200,ITI15,43.9297,11.08325
1201,ITI16,42.777,10.27365
1202,ITI17,43.46655,10.6354
1203,ITI18,43.522149999999996,11.8844
1204,ITI19,43.16695,11.4469
1205,ITI1A,42.776399999999995,11.2622
1206,ITI2,42.997,12.5796
1207,ITI21,43.113749999999996,12.592300000000002
1208,ITI22,42.663,12.39565
1209,ITI3,43.33235,13.0506
1210,ITI31,43.700149999999994,12.67905
1211,ITI32,43.48075,13.2024
1212,ITI33,43.153,13.3027
1213,ITI34,42.880399999999995,13.55245
1214,ITI35,43.092150000000004,13.532800000000002
1215,ITI4,42.02065,12.73795
1216,ITI41,42.49025,11.98475
1217,ITI42,42.4245,12.92725
1218,ITI43,41.8555,12.51505
1219,ITI44,41.4607,13.21
1220,ITI45,41.62495,13.5092
1221,LI,47.1612,9.548315
1222,LI0,47.1612,9.548315
1223,LI00,47.1612,9.548315
1224,LI000,47.1612,9.548315
1225,LT,55.500150000000005,21.04465
1226,LT0,55.500150000000005,21.04465
1227,LT00,55.500150000000005,21.04465
1228,LT001,54.2259,24.170250000000003
1229,LT002,55.01665,23.7434
1230,LT003,55.500150000000005,21.04465
1231,LT004,54.6634,23.19135
1232,LT005,55.9159,24.9628
1233,LT006,55.9351,23.323050000000002
1234,LT007,55.349999999999994,22.5777
1235,LT008,55.99105,22.125149999999998
1236,LT009,55.4919,25.745350000000002
1237,LT00A,54.8258,25.5674
1238,LU,49.82615,6.13366
1239,LU0,49.82615,6.13366
1240,LU00,49.82615,6.13366
1241,LU000,49.82615,6.13366
1242,LV,56.87975,24.606099999999998
1243,LV0,56.87975,24.606099999999998
1244,LV00,56.87975,24.606099999999998
1245,LV003,56.91385,22.058799999999998
1246,LV005,56.52435,27.03145
1247,LV006,56.9728,24.1295
1248,LV007,57.2568,23.9912
1249,LV008,57.3108,26.23975
1250,LV009,56.47295,24.677149999999997
1251,ME,42.7039,19.39335
1252,ME0,42.7039,19.39335
1253,ME00,42.7039,19.39335
1254,ME000,42.7039,19.39335
1255,MK,41.61155,21.7442
1256,MK0,41.61155,21.7442
1257,MK00,41.61155,21.7442
1258,MK001,41.558099999999996,21.8722
1259,MK002,41.8375,22.49425
1260,MK003,41.370850000000004,20.9249
1261,MK004,41.4523,22.59225
1262,MK005,41.230599999999995,21.3836
1263,MK006,41.848150000000004,20.8761
1264,MK007,42.164,21.97735
1265,MK008,41.98225,21.485599999999998
1266,MT,36.04755,14.2605
1267,MT0,36.04755,14.2605
1268,MT00,36.04755,14.2605
1269,MT001,35.897499999999994,14.445900000000002
1270,MT002,36.04755,14.2605
1271,NL,53.08325000000001,4.8079149999999995
1272,NL1,53.0274,6.186835
1273,NL11,53.13945,6.692505
1274,NL111,53.0476,7.01155
1275,NL112,53.325500000000005,6.84423
1276,NL113,53.25585,6.543615000000001
1277,NL12,53.08785,5.796010000000001
1278,NL121,53.21575,5.849105000000001
1279,NL122,52.95825,5.523770000000001
1280,NL123,52.9884,6.033815000000001
1281,NL13,52.9048,6.606249999999999
1282,NL131,52.9656,6.62547
1283,NL132,52.8106,6.8400799999999995
1284,NL133,52.76805,6.37462
1285,NL2,52.295950000000005,6.036485
1286,NL21,52.486450000000005,6.425205
1287,NL211,52.6412,6.24385
1288,NL212,52.335800000000006,6.230989999999999
1289,NL213,52.30245,6.699529999999999
1290,NL22,52.1279,5.91452
1291,NL221,52.2307,5.7947500000000005
1292,NL224,51.845200000000006,5.35577
1293,NL225,52.037099999999995,6.41869
1294,NL226,51.910849999999996,5.85422
1295,NL23,52.52805,5.5388649999999995
1296,NL230,52.52805,5.5388649999999995
1297,NL3,53.08325000000001,4.8079149999999995
1298,NL31,52.118,5.209155000000001
1299,NL310,52.118,5.209155000000001
1300,NL32,53.08325000000001,4.8079149999999995
1301,NL321,53.08325000000001,4.8079149999999995
1302,NL322,52.65665,4.768085
1303,NL323,52.50335,4.671565
1304,NL324,52.3755,4.6165199999999995
1305,NL325,52.468,4.80458
1306,NL326,52.40845,4.86806
1307,NL327,52.27719999999999,5.1785
1308,NL33,51.987049999999996,4.49427
1309,NL332,52.077650000000006,4.37761
1310,NL333,51.987700000000004,4.26784
1311,NL337,52.2044,4.551500000000001
1312,NL338,52.06615,4.711445
1313,NL339,51.8535,4.291365
1314,NL33A,51.825950000000006,4.85144
1315,NL34,51.686499999999995,3.90689
1316,NL341,51.308949999999996,3.80102
1317,NL342,51.686499999999995,3.90689
1318,NL4,51.2912,5.20761
1319,NL41,51.52445,5.119294999999999
1320,NL411,51.544349999999994,4.554695
1321,NL412,51.60815,4.974774999999999
1322,NL413,51.69045,5.5647649999999995
1323,NL414,51.393649999999994,5.50112
1324,NL42,51.255849999999995,5.89534
1325,NL421,51.5,6.03124
1326,NL422,51.189499999999995,5.870545
1327,NL423,50.9071,5.865495
1328,NO,60.47465,5.102640000000001
1329,NO0,60.47465,5.102640000000001
1330,NO01,60.047250000000005,11.134799999999998
1331,NO011,59.9815,10.7172
1332,NO012,59.9028,10.4923
1333,NO02,61.26845,10.109955
1334,NO021,61.26845,11.227315
1335,NO022,61.2521,9.251555000000002
1336,NO03,59.33945,11.3
1337,NO031,59.33945,11.3
1338,NO032,60.24295,9.02832
1339,NO033,59.328,10.13815
1340,NO034,59.47725,8.496355
1341,NO04,58.911249999999995,7.270515
1342,NO041,58.90365,8.098775
1343,NO042,58.580799999999996,7.29537
1344,NO043,59.0668,6.194865
1345,NO05,60.47465,5.102640000000001
1346,NO051,60.47465,5.102640000000001
1347,NO052,61.1298,4.887575
1348,NO053,63.049,7.539825
1349,NO06,64.90270000000001,11.0465
1350,NO061,63.51865,8.748574999999999
1351,NO062,64.90270000000001,11.0465
1352,NO07,66.12375,12.4831
1353,NO071,66.12375,12.4831
1354,NO072,70.144,20.5898
1355,NO073,70.29325,22.675849999999997
1356,PL,51.91695,19.1367
1357,PL1,52.173100000000005,20.60145
1358,PL11,51.62935,19.366500000000002
1359,PL113,51.7682,19.4825
1360,PL114,51.768950000000004,19.507550000000002
1361,PL115,51.31975,19.6923
1362,PL116,51.52405,18.6935
1363,PL117,52.01715,19.74315
1364,PL12,52.24665,21.2088
1365,PL127,52.235600000000005,21.063850000000002
1366,PL128,51.4374,21.149050000000003
1367,PL129,52.12780000000001,21.191450000000003
1368,PL12A,51.99305,20.61125
1369,PL12B,52.8269,20.493850000000002
1370,PL12C,52.60835,19.7701
1371,PL12D,52.97155,21.571350000000002
1372,PL12E,52.33785,22.347949999999997
1373,PL2,50.13905,19.7164
1374,PL21,49.842200000000005,20.245449999999998
1375,PL213,50.045100000000005,20.006500000000003
1376,PL214,50.06385,20.100949999999997
1377,PL217,50.04185,20.9247
1378,PL218,49.56285,20.6948
1379,PL219,49.504850000000005,19.992449999999998
1380,PL21A,50.104749999999996,19.50705
1381,PL22,50.24685,18.99255
1382,PL224,50.803200000000004,19.2223
1383,PL225,49.67595,19.02155
1384,PL227,50.07445,18.40435
1385,PL228,50.59085,18.805950000000003
1386,PL229,50.3623,18.62095
1387,PL22A,50.2414,19.019350000000003
1388,PL22B,50.4317,19.453899999999997
1389,PL22C,50.0731,18.941699999999997
1390,PL3,51.69975,21.92935
1391,PL31,51.2697,22.880650000000003
1392,PL311,51.7767,23.033749999999998
1393,PL312,50.80465,23.2915
1394,PL314,51.2761,22.69925
1395,PL315,51.325199999999995,22.146
1396,PL32,49.9097,22.34665
1397,PL323,49.4302,22.067950000000003
1398,PL324,49.9893,22.890900000000002
1399,PL325,50.10875,21.9561
1400,PL326,50.321600000000004,21.916850000000004
1401,PL33,50.765299999999996,20.788600000000002
1402,PL331,50.93795,20.820700000000002
1403,PL332,50.63165,20.788600000000002
1404,PL34,53.33295,22.7684
1405,PL343,53.28415,23.202550000000002
1406,PL344,52.913799999999995,22.7684
1407,PL345,53.798100000000005,22.8622
1408,PL4,52.83905,16.61395
1409,PL41,52.382400000000004,17.4383
1410,PL411,53.11495,16.7166
1411,PL414,52.27995,18.12585
1412,PL415,52.4002,16.9235
1413,PL416,51.6165,17.8
1414,PL417,52.1601,16.55655
1415,PL418,52.412049999999994,16.7641
1416,PL42,53.59685,15.554849999999998
1417,PL424,53.43165,14.632200000000001
1418,PL426,54.19475,16.1125
1419,PL427,53.305,15.70925
1420,PL428,53.4194,14.90805
1421,PL43,52.23955,15.4753
1422,PL431,52.592600000000004,15.25685
1423,PL432,51.86775,15.50315
1424,PL5,50.8874,16.75945
1425,PL51,50.9494,16.309350000000002
1426,PL514,51.122600000000006,16.99125
1427,PL515,51.0595,15.6518
1428,PL516,51.45085,16.2712
1429,PL517,50.562749999999994,16.62025
1430,PL518,51.128150000000005,17.06625
1431,PL52,50.583299999999994,17.8017
1432,PL523,50.583299999999994,17.48385
1433,PL524,50.6736,18.0813
1434,PL6,53.575,19.745600000000003
1435,PL61,53.05695,18.504649999999998
1436,PL613,53.13975,18.3816
1437,PL616,53.27195,19.02065
1438,PL617,52.88455,17.9634
1439,PL618,53.5171,18.018349999999998
1440,PL619,52.65089999999999,18.9499
1441,PL62,53.79125,20.960700000000003
1442,PL621,53.79125,19.770200000000003
1443,PL622,53.8082,20.844
1444,PL623,53.91235,22.10105
1445,PL63,54.1541,18.1738
1446,PL633,54.435,18.6541
1447,PL634,54.46025,18.65755
1448,PL636,54.32715,17.29295
1449,PL637,53.8346,17.607950000000002
1450,PL638,53.88005,18.82605
1451,PT,38.6468,-28.0443
1452,PT1,39.558099999999996,-7.844939999999999
1453,PT11,41.4588,-7.535114999999999
1454,PT111,41.883,-8.48236
1455,PT112,41.61775,-8.431715
1456,PT119,41.4998,-8.2057
1457,PT11A,41.117599999999996,-8.4328
1458,PT11B,41.65925,-7.645745
1459,PT11C,41.2241,-8.150515
1460,PT11D,41.17025,-7.302714999999999
1461,PT11E,41.58675,-6.777335
1462,PT15,37.24405,-8.19171
1463,PT150,37.24405,-8.19171
1464,PT16,39.9761,-8.098755
1465,PT16B,39.3317,-9.159945
1466,PT16D,40.6802,-8.517344999999999
1467,PT16E,40.22245,-8.321684999999999
1468,PT16F,39.77785,-8.579474999999999
1469,PT16G,40.678399999999996,-7.879029999999999
1470,PT16H,39.926249999999996,-7.47555
1471,PT16I,39.58825,-8.29225
1472,PT16J,40.5135,-7.304684999999999
1473,PT17,38.878249999999994,-9.171035
1474,PT170,38.878249999999994,-9.171035
1475,PT18,38.4905,-7.968229999999999
1476,PT181,37.961600000000004,-8.520824999999999
1477,PT184,37.8227,-7.69925
1478,PT185,39.1048,-8.564515
1479,PT186,39.2065,-7.647435
1480,PT187,38.5916,-7.8807100000000005
1481,PT2,38.6468,-28.0443
1482,PT20,38.6468,-28.0443
1483,PT200,38.6468,-28.0443
1484,PT3,32.75175,-17.0062
1485,PT30,32.75175,-17.0062
1486,PT300,32.75175,-17.0062
1487,RO,45.9514,24.988799999999998
1488,RO1,46.7449,23.93505
1489,RO11,47.251000000000005,23.262549999999997
1490,RO111,46.996700000000004,22.121049999999997
1491,RO112,47.17855,24.51165
1492,RO113,46.8793,23.4324
1493,RO114,47.66745,23.9927
1494,RO115,47.7217,22.9103
1495,RO116,47.14815,23.1692
1496,RO12,46.27615,24.558300000000003
1497,RO121,46.0212,23.45395
1498,RO122,45.78415,25.36715
1499,RO123,45.89545,25.9456
1500,RO124,46.63765,25.57725
1501,RO125,46.6078,24.6387
1502,RO126,45.88890000000001,24.267699999999998
1503,RO2,45.99925,27.330199999999998
1504,RO21,47.13135,26.604
1505,RO211,46.433049999999994,26.734
1506,RO212,47.849000000000004,26.745
1507,RO213,47.1983,27.303400000000003
1508,RO214,46.98835,26.45075
1509,RO215,47.5305,25.82385
1510,RO216,46.49679999999999,27.731650000000002
1511,RO22,44.9724,27.893
1512,RO221,45.126450000000006,27.63205
1513,RO222,45.268950000000004,26.753700000000002
1514,RO223,44.2713,28.1327
1515,RO224,45.771950000000004,27.7192
1516,RO225,45.041650000000004,28.85405
1517,RO226,45.7887,26.96705
1518,RO3,44.62355,26.27415
1519,RO31,44.62355,26.27415
1520,RO311,44.99335,24.879849999999998
1521,RO312,44.316950000000006,27.1387
1522,RO313,44.922349999999994,25.558349999999997
1523,RO314,44.116150000000005,25.9483
1524,RO315,44.598600000000005,27.206
1525,RO316,45.1081,26.029049999999998
1526,RO317,44.08055,25.14315
1527,RO32,44.5017,26.1377
1528,RO321,44.43455,26.0961
1529,RO322,44.5017,26.1377
1530,RO4,45.17555,22.57415
1531,RO41,44.64319999999999,23.45005
1532,RO411,44.20715,23.5506
1533,RO412,44.961349999999996,23.20695
1534,RO413,44.60335,22.73555
1535,RO414,44.30055,24.38465
1536,RO415,45.03855,24.06555
1537,RO42,45.62335,21.930799999999998
1538,RO421,46.2789,21.727
1539,RO422,45.13205,22.03565
1540,RO423,45.8024,22.97505
1541,RO424,45.69145,21.407899999999998
1542,SE,57.915400000000005,19.19225
1543,SE1,59.1797,16.685850000000002
1544,SE11,59.47625,18.165399999999998
1545,SE110,59.47625,18.165399999999998
1546,SE12,59.1797,16.45195
1547,SE121,60.0193,17.65435
1548,SE122,59.0737,16.5975
1549,SE123,58.3434,15.6826
1550,SE124,59.37505,15.0424
1551,SE125,59.696799999999996,16.1935
1552,SE2,57.915400000000005,19.19225
1553,SE21,57.915400000000005,19.19225
1554,SE211,57.5331,14.367149999999999
1555,SE212,56.798899999999996,14.5664
1556,SE213,56.77585,16.72385
1557,SE214,57.915400000000005,19.19225
1558,SE22,55.9344,14.24795
1559,SE221,56.23825,15.22025
1560,SE224,55.9344,13.51595
1561,SE23,58.00925,11.636
1562,SE231,56.9602,12.797550000000001
1563,SE232,58.00925,11.636
1564,SE3,63.8928,17.9231
1565,SE31,60.5345,14.607500000000002
1566,SE311,59.8908,13.0835
1567,SE312,61.061099999999996,14.420750000000002
1568,SE313,61.26955,15.98575
1569,SE32,63.356899999999996,15.63055
1570,SE321,63.08245,17.033549999999998
1571,SE322,63.356899999999996,14.486800000000002
1572,SE33,66.2397,19.24055
1573,SE331,64.8823,17.9657
1574,SE332,67.06155000000001,19.76615
1575,SI,46.14935,14.986150000000002
1576,SI0,46.14935,14.986150000000002
1577,SI03,46.149950000000004,15.319600000000001
1578,SI031,46.674350000000004,16.1916
1579,SI032,46.4834,15.8078
1580,SI033,46.52005,15.056999999999999
1581,SI034,46.237899999999996,15.17835
1582,SI035,46.0931,14.95035
1583,SI036,45.94305,15.399899999999999
1584,SI037,45.72305,14.9719
1585,SI038,45.68175,14.31055
1586,SI04,45.9743,14.16205
1587,SI041,46.04715,14.539100000000001
1588,SI042,46.2637,14.125
1589,SI043,46.099450000000004,13.7578
1590,SI044,45.6447,13.85065
1591,SK,48.676649999999995,19.7046
1592,SK0,48.676649999999995,19.7046
1593,SK01,48.330349999999996,17.1858
1594,SK010,48.330349999999996,17.1858
1595,SK02,48.5273,18.0013
1596,SK021,48.3185,17.459699999999998
1597,SK022,48.906,18.08965
1598,SK023,48.2231,18.383850000000002
1599,SK03,48.845749999999995,19.39315
1600,SK031,49.17895,19.1914
1601,SK032,48.50985,19.4713
1602,SK04,48.89245,21.22535
1603,SK041,49.098299999999995,21.22535
1604,SK042,48.6813,21.28255
1605,TR,40.1534,25.83945
1606,TR1,41.019099999999995,29.4359
1607,TR10,41.019099999999995,29.4359
1608,TR100,41.019099999999995,29.4359
1609,TR2,40.1534,25.83945
1610,TR21,41.326350000000005,27.10725
1611,TR211,41.066199999999995,27.4256
1612,TR212,41.29475,26.50705
1613,TR213,41.67315,27.50975
1614,TR22,40.1534,25.83945
1615,TR221,39.792699999999996,27.788899999999998
1616,TR222,40.1534,25.83945
1617,TR3,38.1027,29.00125
1618,TR31,38.6165,27.3669
1619,TR310,38.6165,27.3669
1620,TR32,37.39435,28.5152
1621,TR321,37.73075,27.9191
1622,TR322,37.678650000000005,29.289749999999998
1623,TR323,36.92215,28.488599999999998
1624,TR33,38.82665,29.4112
1625,TR331,38.74315,28.07215
1626,TR332,38.515699999999995,30.6875
1627,TR333,39.32575,29.51375
1628,TR334,38.57825,29.359949999999998
1629,TR4,40.1316,30.3138
1630,TR41,39.84355,30.0687
1631,TR411,40.10435,29.016
1632,TR412,39.611850000000004,31.031950000000002
1633,TR413,40.09035,30.17375
1634,TR42,40.655,30.6701
1635,TR421,40.8635,29.8486
1636,TR422,40.73925,30.45355
1637,TR423,40.86645,31.29245
1638,TR424,40.57825,31.540950000000002
1639,TR425,40.59765,29.1636
1640,TR5,38.52475,32.6271
1641,TR51,39.664249999999996,32.35565
1642,TR510,39.664249999999996,32.35565
1643,TR52,37.80085,32.8311
1644,TR521,37.9913,32.8311
1645,TR522,37.0078,33.24055
1646,TR6,37.206599999999995,33.5104
1647,TR61,37.29105,30.9366
1648,TR611,36.74875,30.9366
1649,TR612,37.901849999999996,30.81875
1650,TR613,37.34855,30.12155
1651,TR62,37.20125,34.50685
1652,TR621,37.45895,35.59425
1653,TR622,36.7162,33.86345
1654,TR63,37.206599999999995,36.7699
1655,TR631,36.4191,36.23485
1656,TR632,37.8846,36.9804
1657,TR633,37.34165,36.2769
1658,TR7,38.9203,35.9935
1659,TR71,38.8243,34.24665
1660,TR711,39.8418,33.71145
1661,TR712,38.50805,33.8137
1662,TR713,37.8655,34.66175
1663,TR714,38.8664,34.62665
1664,TR715,39.302,34.0805
1665,TR72,39.130700000000004,36.4096
1666,TR721,38.52075,35.92185
1667,TR722,39.5353,37.3155
1668,TR723,39.60705,35.090900000000005
1669,TR8,41.018699999999995,34.46405
1670,TR81,41.32825,32.21175
1671,TR811,41.292950000000005,31.797400000000003
1672,TR812,41.19155,32.61565
1673,TR813,41.57705,32.4734
1674,TR82,41.18000000000001,34.03425
1675,TR821,41.42190000000001,33.6667
1676,TR822,40.66615,33.349199999999996
1677,TR823,41.6563,34.871300000000005
1678,TR83,40.83754999999999,35.7743
1679,TR831,41.29445,36.004549999999995
1680,TR832,40.435050000000004,36.537499999999994
1681,TR833,40.6339,34.7209
1682,TR834,40.65995,35.74305
1683,TR9,40.6923,39.633700000000005
1684,TR90,40.6923,39.633700000000005
1685,TR901,40.8103,39.806250000000006
1686,TR902,40.745450000000005,37.417699999999996
1687,TR903,40.5713,38.57855
1688,TR904,40.9293,40.885999999999996
1689,TR905,41.044700000000006,41.88005
1690,TR906,40.32815,39.43915
1691,TRA,40.2551,41.5652
1692,TRA1,39.9784,40.4467
1693,TRA11,40.0476,41.4281
1694,TRA12,39.5448,39.54855
1695,TRA13,40.2561,40.19605
1696,TRA2,40.2551,43.4701
1697,TRA21,39.465999999999994,43.401399999999995
1698,TRA22,40.5231,42.9393
1699,TRA23,39.88105,44.03765
1700,TRA24,41.12705,42.8795
1701,TRB,38.28645,41.0306
1702,TRB1,38.7489,39.29425
1703,TRB11,38.522999999999996,38.211200000000005
1704,TRB12,38.7319,39.36755
1705,TRB13,38.99435,40.63435
1706,TRB14,39.1834,39.58895
1707,TRB2,38.21915,42.95925
1708,TRB21,38.548649999999995,43.59685
1709,TRB22,38.9797,41.93345
1710,TRB23,38.439449999999994,42.3699
1711,TRB24,37.3997,44.05445
1712,TRC,37.68795,39.98555
1713,TRC1,37.431799999999996,37.86425
1714,TRC11,37.116,37.25665
1715,TRC12,37.81325,38.3476
1716,TRC13,36.8548,37.13215
1717,TRC2,37.691,39.6081
1718,TRC21,37.3389,39.0308
1719,TRC22,38.1191,40.2402
1720,TRC3,37.7332,41.68045
1721,TRC31,37.3172,40.8694
1722,TRC32,38.031800000000004,41.42305
1723,TRC33,37.4325,42.53875
1724,TRC34,37.91735,42.1806
1725,UK,60.75945,-0.8700825000000001
1726,UKC,55.13475,-1.740328
1727,UKC1,54.682,-1.5713780000000002
1728,UKC11,54.60505,-1.29852
1729,UKC12,54.5586,-1.0375429999999999
1730,UKC13,54.55265,-1.5520749999999999
1731,UKC14,54.682,-1.79704
1732,UKC2,55.30115,-2.01856
1733,UKC21,55.30115,-2.07572
1734,UKC22,54.97825,-1.6082450000000001
1735,UKC23,54.872150000000005,-1.4533550000000002
1736,UKD,54.086200000000005,-2.76159
1737,UKD1,54.64135,-2.8918850000000003
1738,UKD11,54.569,-3.2983200000000004
1739,UKD12,54.64135,-2.7133000000000003
1740,UKD3,53.5199,-2.32004
1741,UKD33,53.43775,-2.238495
1742,UKD34,53.4456,-2.3733049999999998
1743,UKD35,53.43475,-2.102055
1744,UKD36,53.5385,-2.5343549999999997
1745,UKD37,53.587599999999995,-2.14434
1746,UKD4,53.86535,-2.55173
1747,UKD41,53.7039,-2.466395
1748,UKD42,53.82515,-3.02696
1749,UKD44,54.0265,-2.754385
1750,UKD45,53.8635,-2.6209249999999997
1751,UKD46,53.8097,-2.255935
1752,UKD47,53.6254,-2.778995
1753,UKD6,53.22175,-2.5490449999999996
1754,UKD61,53.39135,-2.55996
1755,UKD62,53.191500000000005,-2.370145
1756,UKD63,53.1689,-2.729845
1757,UKD7,53.369600000000005,-3.064465
1758,UKD71,53.42615,-2.749635
1759,UKD72,53.40335,-2.91771
1760,UKD73,53.567949999999996,-2.99672
1761,UKD74,53.369600000000005,-3.064465
1762,UKE,53.93545,-1.211485
1763,UKE1,53.80505000000001,-0.480885
1764,UKE11,53.76645,-0.33461799999999997
1765,UKE12,53.8924,-0.480885
1766,UKE13,53.57495,-0.45907000000000003
1767,UKE2,54.0903,-1.38858
1768,UKE21,53.965149999999994,-1.0716035
1769,UKE22,54.0903,-1.38858
1770,UKE3,53.48375,-1.34373
1771,UKE31,53.4838,-1.34373
1772,UKE32,53.3962,-1.56305
1773,UKE4,53.73635,-1.68601
1774,UKE41,53.85405,-1.850845
1775,UKE42,53.8168,-1.5472200000000003
1776,UKE44,53.6734,-1.8721700000000001
1777,UKE45,53.674499999999995,-1.41146
1778,UKF,52.801050000000004,-0.8376550000000001
1779,UKF1,53.1194,-1.3485800000000001
1780,UKF11,52.9136,-1.4690500000000002
1781,UKF12,53.20495,-1.3827349999999998
1782,UKF13,53.1194,-1.6353400000000002
1783,UKF14,52.96095,-1.166425
1784,UKF15,53.2315,-1.00098
1785,UKF16,52.9464,-1.0778945
1786,UKF2,52.481300000000005,-0.9695265
1787,UKF21,52.63305,-1.118765
1788,UKF22,52.686800000000005,-1.0139495
1789,UKF24,52.222750000000005,-1.018644
1790,UKF25,52.41595,-0.6213919999999999
1791,UKF3,53.128299999999996,-0.224225
1792,UKF30,53.128299999999996,-0.224225
1793,UKG,52.5199,-2.203825
1794,UKG1,52.25675,-2.157
1795,UKG11,52.10725,-2.7432499999999997
1796,UKG12,52.21105,-2.2153400000000003
1797,UKG13,52.3374,-1.55832
1798,UKG2,52.7603,-2.410495
1799,UKG21,52.7208,-2.48983
1800,UKG22,52.652699999999996,-2.734215
1801,UKG23,53.01815,-2.15996
1802,UKG24,52.8219,-2.028125
1803,UKG3,52.5129,-1.812965
1804,UKG31,52.4845,-1.8852300000000002
1805,UKG32,52.44030000000001,-1.733735
1806,UKG33,52.41615,-1.512585
1807,UKG36,52.492149999999995,-2.1024399999999996
1808,UKG37,52.507450000000006,-2.00759
1809,UKG38,52.60275,-1.9617499999999999
1810,UKG39,52.5852,-2.1262350000000003
1811,UKH,52.2221,0.50539
1812,UKH1,52.46825,0.6302645
1813,UKH11,52.5838,-0.25370925000000005
1814,UKH12,52.3719,0.00887899999999997
1815,UKH14,52.2405,1.049582
1816,UKH15,52.66565,1.3688159999999998
1817,UKH16,52.712,0.9145929999999999
1818,UKH17,52.5769,1.116755
1819,UKH2,51.961349999999996,-0.2750055
1820,UKH21,51.89485,-0.4272865
1821,UKH23,51.8401,-0.2750055
1822,UKH24,52.197,-0.458921
1823,UKH25,52.00555,-0.423239
1824,UKH3,51.772800000000004,0.6395105
1825,UKH31,51.55355,0.7240154999999999
1826,UKH32,51.5112,0.375985
1827,UKH34,51.908699999999996,0.8408515
1828,UKH35,51.85625,0.253187
1829,UKH36,51.71105,0.5731255
1830,UKH37,51.58555,0.6704145
1831,UKI,51.4868,-0.09829349999999998
1832,UKI3,51.4958,-0.166192
1833,UKI31,51.536500000000004,-0.14590450000000002
1834,UKI32,51.5107,-0.16241499999999998
1835,UKI33,51.502300000000005,-0.190693
1836,UKI34,51.45215,-0.19117100000000004
1837,UKI4,51.511250000000004,-0.037111750000000006
1838,UKI41,51.53815,-0.003723749999999998
1839,UKI42,51.503550000000004,-0.015773850000000002
1840,UKI43,51.56525,-0.10630275
1841,UKI44,51.46445,-0.03994974999999999
1842,UKI45,51.460350000000005,-0.1093025
1843,UKI5,51.5447,0.065516
1844,UKI51,51.4621,0.09636275
1845,UKI52,51.552499999999995,0.19073700000000002
1846,UKI53,51.5953,0.03855299999999999
1847,UKI54,51.64325,-0.09696325
1848,UKI6,51.36715,-0.09087599999999998
1849,UKI61,51.36715,0.03512925
1850,UKI62,51.37065,-0.07708974999999998
1851,UKI63,51.37935,-0.22393649999999998
1852,UKI7,51.53115,-0.3241945
1853,UKI71,51.611850000000004,-0.221571
1854,UKI72,51.56415,-0.263473
1855,UKI73,51.52815,-0.3324055
1856,UKI74,51.5463,-0.3883815
1857,UKI75,51.44755,-0.34071700000000005
1858,UKJ,50.667,-1.328135
1859,UKJ1,51.7622,-1.1047295
1860,UKJ11,51.4508,-1.0373394999999999
1861,UKJ12,52.0821,-0.736229
1862,UKJ13,51.7808,-0.8153195
1863,UKJ14,51.814,-1.294749
1864,UKJ2,51.09585,-0.041898999999999964
1865,UKJ21,50.843050000000005,-0.14155974999999998
1866,UKJ22,50.93875,0.359902
1867,UKJ25,51.27785,-0.583272
1868,UKJ26,51.23715,-0.19228175000000003
1869,UKJ27,50.9085,-0.5772959999999999
1870,UKJ28,51.0018,-0.27067075
1871,UKJ3,50.667,-1.328135
1872,UKJ31,50.81825,-1.0691799999999998
1873,UKJ32,50.913799999999995,-1.39955
1874,UKJ34,50.667,-1.328135
1875,UKJ35,50.8891,-1.252415
1876,UKJ36,51.0263,-1.3551315
1877,UKJ37,51.2568,-1.09907
1878,UKJ4,51.19705,0.74609175
1879,UKJ41,51.3965,0.560882
1880,UKJ43,51.402550000000005,0.321126
1881,UKJ44,51.1456,1.1143755
1882,UKJ45,51.162099999999995,0.7037545000000001
1883,UKJ46,51.2104,0.34141175
1884,UKK,51.0379,-3.60755
1885,UKK1,51.528800000000004,-2.245615
1886,UKK11,51.4732,-2.6142250000000002
1887,UKK12,51.47515,-2.632745
1888,UKK13,51.8451,-2.16572
1889,UKK14,51.59545,-1.73018
1890,UKK15,51.3087,-1.9314
1891,UKK2,50.9207,-2.763395
1892,UKK21,50.75605,-1.8906649999999998
1893,UKK22,50.7963,-2.3231900000000003
1894,UKK23,51.07485,-3.040035
1895,UKK3,50.4461,-4.947175
1896,UKK30,50.4461,-4.947175
1897,UKK4,50.7173,-3.7163000000000004
1898,UKK41,50.403499999999994,-4.130205
1899,UKK42,50.44775,-3.555405
1900,UKK43,50.7173,-3.7163000000000004
1901,UKL,52.404250000000005,-3.9852299999999996
1902,UKL1,52.448499999999996,-4.139595
1903,UKL11,53.2769,-4.36841
1904,UKL12,52.89505,-4.10217
1905,UKL13,53.10875,-3.560815
1906,UKL14,52.07965,-4.48369
1907,UKL15,51.66945,-3.4144
1908,UKL16,51.680899999999994,-3.1467
1909,UKL17,51.62885,-3.7039999999999997
1910,UKL18,51.65425,-4.08185
1911,UKL2,52.36665,-3.28841
1912,UKL21,51.742549999999994,-2.903775
1913,UKL22,51.46695,-3.3602749999999997
1914,UKL23,53.1211,-3.063705
1915,UKL24,52.32355,-3.440665
1916,UKM,60.75945,-0.8700825000000001
1917,UKM2,56.04055,-3.444415
1918,UKM21,56.7156,-2.8987299999999996
1919,UKM22,56.2228,-3.243615
1920,UKM23,55.8998,-2.86782
1921,UKM24,55.52725,-2.78694
1922,UKM25,55.9069,-3.2609150000000002
1923,UKM26,55.99785,-3.7679199999999993
1924,UKM27,56.4692,-3.953195
1925,UKM28,55.8867,-3.6047599999999997
1926,UKM3,55.4915,-4.02098
1927,UKM31,56.116749999999996,-4.463975
1928,UKM32,55.05165,-4.02098
1929,UKM33,55.531499999999994,-4.431155
1930,UKM34,55.84354999999999,-4.2354199999999995
1931,UKM35,55.81845,-4.556514999999999
1932,UKM36,55.881600000000006,-3.94846
1933,UKM37,55.284000000000006,-4.729115
1934,UKM38,55.5633,-3.8394500000000003
1935,UKM5,57.2252,-2.795535
1936,UKM50,57.2252,-2.795535
1937,UKM6,60.75945,-0.8700825000000001
1938,UKM61,58.00395,-4.44867
1939,UKM62,57.26015,-3.96667
1940,UKM63,55.96215,-5.89198
1941,UKM64,57.58765,-7.305655
1942,UKM65,58.851749999999996,-3.30244
1943,UKM66,60.75945,-0.8700825000000001
1944,UKN,54.6311,-6.80526
1945,UKN0,54.6311,-6.80526
1946,UKN01,54.59505,-5.92741
1947,UKN02,54.75325,-5.896710000000001
1948,UKN03,54.6207,-6.010585
1949,UKN04,54.9238,-6.94895
1950,UKN05,54.4708,-7.026064999999999
